{
    "annotated_image_url": "/static/results/9d9e90acf2e14e77ac5ccc7fb4e804fd_annotated.jpg",
    "annotated_image_path": "static/results/9d9e90acf2e14e77ac5ccc7fb4e804fd_annotated.jpg",
    "detections": [
        {
            "name": "Stenosis",
            "class": 0,
            "confidence": 0.63085,
            "box": {
                "x1": 77.8741,
                "y1": 188.20776,
                "x2": 105.15181,
                "y2": 254.53389
            }
        },
        {
            "name": "Stenosis",
            "class": 0,
            "confidence": 0.54746,
            "box": {
                "x1": 93.36949,
                "y1": 179.32124,
                "x2": 113.93335,
                "y2": 221.88904
            }
        }
    ]
}